"data";"tipo";"num_convenio";"cod_tci";"uf";"secretaria";"campo";"valor_anterior";"valor_atual"
"2026-04-08";"Alterado";"964522";"1-1990325";"SP";"SNP";"dte_homologacao_licitacao";"";"2026-04-07"
"2026-04-08";"Alterado";"964522";"1-1990325";"SP";"SNP";"flag_homologacao_licitacao";"NAO";"SIM"
"2026-04-08";"Alterado";"964522";"1-1990325";"SP";"SNP";"ultima_data_relevante";"2025-12-18";"2026-04-07"
"2026-04-08";"Alterado";"964522";"1-1990325";"SP";"SNP";"fase_atual";"PUBLICACAO LICITACAO";"HOMOLOGACAO"
"2026-04-08";"Alterado";"964522";"1-1990325";"SP";"SNP";"dias_publicacao_ate_homologacao";"";"110"
"2026-04-08";"Alterado";"964522";"1-1990325";"SP";"SNP";"status_homolog_licitacao";"Próximos 30 dias";"Concluída no prazo"
"2026-04-08";"Alterado";"964937";"1-1991211";"PE";"SNP";"situacao_da_analise_suspensiva";"Análise iniciada";"Analisada com pendências"
"2026-04-08";"Alterado";"964942";"1-1990694";"RN";"SNP";"situacao_da_analise_suspensiva";"Análise iniciada";"Analisada com pendências"
"2026-04-08";"Alterado";"964981";"1-1986117";"SP";"SNP";"dsc_situacao_contrato_mcid";"Contratado - Suspensiva";"Contratado - Normal"
"2026-04-08";"Alterado";"964981";"1-1986117";"SP";"SNP";"situacao_da_analise_suspensiva";"Análise não iniciada";"Analisada e aceita"
"2026-04-08";"Alterado";"964981";"1-1986117";"SP";"SNP";"dte_retirada_suspensiva";"";"2026-04-07"
"2026-04-08";"Alterado";"964981";"1-1986117";"SP";"SNP";"dte_primeira_data_lae";"";"2026-04-07"
"2026-04-08";"Alterado";"964981";"1-1986117";"SP";"SNP";"status_suspensiva";"PENDENTE";"RETIRADA"
"2026-04-08";"Alterado";"964981";"1-1986117";"SP";"SNP";"ultima_data_relevante";"";"2026-04-07"
"2026-04-08";"Alterado";"964981";"1-1986117";"SP";"SNP";"fase_atual";"SUSPENSIVA";"LAE"
"2026-04-08";"Alterado";"964981";"1-1986117";"SP";"SNP";"prazo_pub_licitacao";"";"2026-08-05"
"2026-04-08";"Alterado";"964981";"1-1986117";"SP";"SNP";"status_pub_licitacao";"";"No prazo"
"2026-04-08";"Alterado";"964981";"1-1986117";"SP";"SNP";"urgencia_suspensiva";"Próximos 30 dias";""
"2026-04-08";"Alterado";"965407";"1-1986134";"MG";"SNP";"situacao_da_analise_suspensiva";"Análise não iniciada";"Analisada com pendências"
"2026-04-08";"Alterado";"965726";"1-1988003";"RN";"SNP";"dte_vrpl";"";"2026-04-07"
"2026-04-08";"Alterado";"965726";"1-1988003";"RN";"SNP";"ultima_data_relevante";"2026-03-19";"2026-04-07"
"2026-04-08";"Alterado";"965726";"1-1988003";"RN";"SNP";"fase_atual";"HOMOLOGACAO";"VRPL"
"2026-04-08";"Alterado";"965726";"1-1988003";"RN";"SNP";"dias_homologacao_ate_vrpl";"";"19"
"2026-04-08";"Alterado";"965729";"1-1991654";"BA";"SNP";"dte_vrpl";"";"2026-04-07"
"2026-04-08";"Alterado";"965729";"1-1991654";"BA";"SNP";"ultima_data_relevante";"2026-03-06";"2026-04-07"
"2026-04-08";"Alterado";"965729";"1-1991654";"BA";"SNP";"fase_atual";"HOMOLOGACAO";"VRPL"
"2026-04-08";"Alterado";"965729";"1-1991654";"BA";"SNP";"dias_homologacao_ate_vrpl";"";"32"
"2026-04-08";"Alterado";"966503";"1-1990702";"GO";"SNSA";"situacao_da_analise_suspensiva";"Análise iniciada";"Analisada com pendências"
"2026-04-08";"Alterado";"966725";"1-1994801";"CE";"SNSA";"dsc_situacao_contrato_mcid";"Contratado - Suspensiva";"Contratado - Normal"
"2026-04-08";"Alterado";"966725";"1-1994801";"CE";"SNSA";"situacao_da_analise_suspensiva";"Analisada com pendências";"Analisada e aceita"
"2026-04-08";"Alterado";"966725";"1-1994801";"CE";"SNSA";"dte_retirada_suspensiva";"";"2026-04-07"
"2026-04-08";"Alterado";"966725";"1-1994801";"CE";"SNSA";"status_suspensiva";"PENDENTE";"RETIRADA"
"2026-04-08";"Alterado";"966725";"1-1994801";"CE";"SNSA";"prazo_pub_licitacao";"";"2026-08-05"
"2026-04-08";"Alterado";"966725";"1-1994801";"CE";"SNSA";"status_pub_licitacao";"";"No prazo"
"2026-04-08";"Alterado";"966725";"1-1994801";"CE";"SNSA";"urgencia_suspensiva";"Próximos 30 dias";""
"2026-04-08";"Alterado";"966737";"1-1994795";"CE";"SNSA";"situacao_da_analise_suspensiva";"Análise iniciada";"Analisada com pendências"
"2026-04-08";"Alterado";"967086";"1-1991726";"PA";"SNSA";"dte_aio";"";"2026-04-07"
"2026-04-08";"Alterado";"967086";"1-1991726";"PA";"SNSA";"dte_inicio_obra_mcid";"";"2026-04-07"
"2026-04-08";"Alterado";"967086";"1-1991726";"PA";"SNSA";"ultima_data_relevante";"2026-01-28";"2026-04-07"
"2026-04-08";"Alterado";"967086";"1-1991726";"PA";"SNSA";"fase_atual";"VRPL";"OBRA INICIADA"
"2026-04-08";"Alterado";"967086";"1-1991726";"PA";"SNSA";"dias_vrpl_ate_aio";"";"69"
"2026-04-08";"Alterado";"967086";"1-1991726";"PA";"SNSA";"dias_aio_ate_inicio_obra";"";"0"
"2026-04-08";"Alterado";"967086";"1-1991726";"PA";"SNSA";"prazo_inicio_obra";"";"2026-04-21"
"2026-04-08";"Alterado";"967086";"1-1991726";"PA";"SNSA";"status_inicio_obra";"";"Iniciada no prazo"
"2026-04-08";"Alterado";"967091";"1-1991722";"PA";"SNSA";"dte_aio";"";"2026-04-06"
"2026-04-08";"Alterado";"967091";"1-1991722";"PA";"SNSA";"dte_inicio_obra_mcid";"";"2026-04-06"
"2026-04-08";"Alterado";"967091";"1-1991722";"PA";"SNSA";"ultima_data_relevante";"2026-01-06";"2026-04-06"
"2026-04-08";"Alterado";"967091";"1-1991722";"PA";"SNSA";"fase_atual";"VRPL";"OBRA INICIADA"
"2026-04-08";"Alterado";"967091";"1-1991722";"PA";"SNSA";"dias_vrpl_ate_aio";"";"90"
"2026-04-08";"Alterado";"967091";"1-1991722";"PA";"SNSA";"dias_aio_ate_inicio_obra";"";"0"
"2026-04-08";"Alterado";"967091";"1-1991722";"PA";"SNSA";"prazo_inicio_obra";"";"2026-04-20"
"2026-04-08";"Alterado";"967091";"1-1991722";"PA";"SNSA";"status_inicio_obra";"";"Iniciada no prazo"
"2026-04-08";"Alterado";"967096";"1-1991498";"PA";"SNSA";"dte_vrpl";"2026-02-13";""
"2026-04-08";"Alterado";"967096";"1-1991498";"PA";"SNSA";"ultima_data_relevante";"2026-02-13";"2026-01-09"
"2026-04-08";"Alterado";"967096";"1-1991498";"PA";"SNSA";"fase_atual";"VRPL";"HOMOLOGACAO"
"2026-04-08";"Alterado";"967096";"1-1991498";"PA";"SNSA";"dias_homologacao_ate_vrpl";"35";""
"2026-04-08";"Alterado";"967126";"1-1990765";"PA";"SNSA";"dte_vrpl";"2026-02-13";""
"2026-04-08";"Alterado";"967126";"1-1990765";"PA";"SNSA";"ultima_data_relevante";"2026-02-13";"2026-01-09"
"2026-04-08";"Alterado";"967126";"1-1990765";"PA";"SNSA";"fase_atual";"VRPL";"HOMOLOGACAO"
"2026-04-08";"Alterado";"967126";"1-1990765";"PA";"SNSA";"dias_homologacao_ate_vrpl";"35";""
"2026-04-08";"Alterado";"968195";"1-2013014";"PR";"SNSA";"situacao_da_analise_suspensiva";"Análise não iniciada";"Análise iniciada"
"2026-04-08";"Alterado";"968197";"1-2013334";"PA";"SNSA";"dte_primeira_data_lae";"";"2026-04-06"
"2026-04-08";"Alterado";"968197";"1-2013334";"PA";"SNSA";"ultima_data_relevante";"";"2026-04-06"
"2026-04-08";"Alterado";"968197";"1-2013334";"PA";"SNSA";"fase_atual";"SUSPENSIVA";"LAE"
"2026-04-08";"Alterado";"968201";"1-2012199";"MG";"SNSA";"situacao_da_analise_suspensiva";"Análise não iniciada";"Análise iniciada"
"2026-04-08";"Alterado";"968207";"1-2013328";"MG";"SNSA";"situacao_da_analise_suspensiva";"Análise iniciada";"Analisada com pendências"
"2026-04-08";"Alterado";"968224";"1-2015968";"RS";"SNSA";"situacao_da_analise_suspensiva";"Análise não iniciada";"Analisada com pendências"
"2026-04-08";"Alterado";"968248";"1-2013782";"CE";"SNSA";"situacao_da_analise_suspensiva";"Analisada com pendências";"Análise não iniciada"
"2026-04-08";"Alterado";"968252";"1-2011972";"RS";"SNSA";"situacao_da_analise_suspensiva";"Analisada com pendências";"Análise iniciada"
"2026-04-08";"Alterado";"968263";"1-2016086";"MG";"SNSA";"situacao_da_analise_suspensiva";"Análise não iniciada";"Análise iniciada"
"2026-04-08";"Alterado";"968263";"1-2016086";"MG";"SNSA";"vencimento_da_suspensiva";"2026-03-29";"2026-04-28"
"2026-04-08";"Alterado";"968263";"1-2016086";"MG";"SNSA";"urgencia_suspensiva";"Vencida";"Próximos 30 dias"
"2026-04-08";"Alterado";"968269";"1-2016735";"RN";"SNSA";"dsc_situacao_contrato_mcid";"Contratado - Suspensiva";"Contratado - Normal"
"2026-04-08";"Alterado";"968269";"1-2016735";"RN";"SNSA";"situacao_da_analise_suspensiva";"Analisada e aceita";"Suspensiva retirada"
"2026-04-08";"Alterado";"968366";"1-2011694";"GO";"SNSA";"situacao_da_analise_suspensiva";"Análise não iniciada";"Análise iniciada"
"2026-04-08";"Alterado";"968391";"1-2015868";"RN";"SEMOB";"situacao_da_analise_suspensiva";"Análise não iniciada";"Analisada com pendências"
"2026-04-08";"Alterado";"968395";"1-2016714";"TO";"SEMOB";"dsc_situacao_contrato_mcid";"Contratado - Suspensiva";"Contratado - Normal"
"2026-04-08";"Alterado";"968395";"1-2016714";"TO";"SEMOB";"situacao_da_analise_suspensiva";"Análise iniciada";"Suspensiva retirada"
"2026-04-08";"Alterado";"968400";"1-2016673";"PR";"SEMOB";"situacao_da_analise_suspensiva";"Análise iniciada";"Analisada com pendências"
"2026-04-08";"Alterado";"968569";"1-2012397";"PA";"SNSA";"situacao_da_analise_suspensiva";"Analisada com pendências";"Análise iniciada"
"2026-04-08";"Alterado";"968570";"1-2013983";"MG";"SNSA";"situacao_da_analise_suspensiva";"Análise iniciada";"Análise não iniciada"
"2026-04-08";"Alterado";"968580";"1-2012667";"MG";"SNSA";"situacao_da_analise_suspensiva";"Análise iniciada";"Analisada com pendências"
"2026-04-08";"Alterado";"968586";"1-2015786";"SP";"SNSA";"vencimento_da_suspensiva";"2027-04-30";"2026-04-30"
"2026-04-08";"Alterado";"968586";"1-2015786";"SP";"SNSA";"urgencia_suspensiva";"Mais de 90 dias";"Próximos 30 dias"
"2026-04-08";"Alterado";"968587";"1-2016404";"PR";"SNSA";"situacao_da_analise_suspensiva";"Analisada com pendências";"Análise não iniciada"
"2026-04-08";"Alterado";"968617";"1-2016600";"PA";"SNSA";"situacao_da_analise_suspensiva";"Análise iniciada";"Analisada com pendências"
"2026-04-08";"Alterado";"968620";"1-2010756";"MG";"SNSA";"situacao_da_analise_suspensiva";"Análise não iniciada";"Análise iniciada"
"2026-04-08";"Alterado";"968630";"1-2012708";"SP";"SNSA";"situacao_da_analise_suspensiva";"Análise não iniciada";"Análise iniciada"
"2026-04-08";"Alterado";"968724";"1-2016443";"MT";"SNSA";"dte_publicacao_licitacao";"";"2026-04-07"
"2026-04-08";"Alterado";"968724";"1-2016443";"MT";"SNSA";"flag_publicacao_licitacao";"NAO";"SIM"
"2026-04-08";"Alterado";"968724";"1-2016443";"MT";"SNSA";"ultima_data_relevante";"2026-01-30";"2026-04-07"
"2026-04-08";"Alterado";"968724";"1-2016443";"MT";"SNSA";"fase_atual";"LAE";"PUBLICACAO LICITACAO"
"2026-04-08";"Alterado";"968724";"1-2016443";"MT";"SNSA";"dias_ate_publicacao";"";"67"
"2026-04-08";"Alterado";"968724";"1-2016443";"MT";"SNSA";"prazo_homolog_licitacao";"";"2026-08-05"
"2026-04-08";"Alterado";"968724";"1-2016443";"MT";"SNSA";"status_pub_licitacao";"No prazo";"Concluída no prazo"
"2026-04-08";"Alterado";"968724";"1-2016443";"MT";"SNSA";"status_homolog_licitacao";"";"No prazo"
"2026-04-08";"Alterado";"968727";"1-2017073";"PI";"SNSA";"vencimento_da_suspensiva";"2026-03-30";"2026-04-30"
"2026-04-08";"Alterado";"968727";"1-2017073";"PI";"SNSA";"urgencia_suspensiva";"Vencida";"Próximos 30 dias"
"2026-04-08";"Alterado";"968728";"1-2017299";"PI";"SNSA";"situacao_da_analise_suspensiva";"Analisada com pendências";"Análise não iniciada"
"2026-04-08";"Alterado";"968734";"1-2013087";"MG";"SNSA";"dsc_situacao_contrato_mcid";"Contratado - Suspensiva";"Contratado - Normal"
"2026-04-08";"Alterado";"968734";"1-2013087";"MG";"SNSA";"situacao_da_analise_suspensiva";"Analisada e aceita";"Suspensiva retirada"
"2026-04-08";"Alterado";"968737";"1-2017790";"PI";"SNSA";"situacao_da_analise_suspensiva";"Análise não iniciada";"Analisada com pendências"
"2026-04-08";"Alterado";"968756";"1-2016840";"RS";"SNSA";"situacao_da_analise_suspensiva";"Análise iniciada";"Analisada com pendências"
"2026-04-08";"Alterado";"968999";"1-2016863";"AC";"SNSA";"status_pub_licitacao";"Próximos 30 dias";"Vencida"
"2026-04-08";"Alterado";"969001";"1-2016874";"AC";"SNSA";"status_pub_licitacao";"Próximos 30 dias";"Vencida"
"2026-04-08";"Alterado";"969015";"1-2015241";"PA";"SNSA";"dsc_situacao_contrato_mcid";"Contratado - Suspensiva";"Contratado - Normal"
"2026-04-08";"Alterado";"969015";"1-2015241";"PA";"SNSA";"situacao_da_analise_suspensiva";"Análise iniciada";"Analisada e aceita"
"2026-04-08";"Alterado";"969015";"1-2015241";"PA";"SNSA";"dte_retirada_suspensiva";"";"2026-04-07"
"2026-04-08";"Alterado";"969015";"1-2015241";"PA";"SNSA";"dte_primeira_data_lae";"";"2026-04-06"
"2026-04-08";"Alterado";"969015";"1-2015241";"PA";"SNSA";"status_suspensiva";"PENDENTE";"RETIRADA"
"2026-04-08";"Alterado";"969015";"1-2015241";"PA";"SNSA";"ultima_data_relevante";"";"2026-04-06"
"2026-04-08";"Alterado";"969015";"1-2015241";"PA";"SNSA";"fase_atual";"SUSPENSIVA";"LAE"
"2026-04-08";"Alterado";"969015";"1-2015241";"PA";"SNSA";"prazo_pub_licitacao";"";"2026-08-05"
"2026-04-08";"Alterado";"969015";"1-2015241";"PA";"SNSA";"status_pub_licitacao";"";"No prazo"
"2026-04-08";"Alterado";"969015";"1-2015241";"PA";"SNSA";"urgencia_suspensiva";"Próximos 30 dias";""
"2026-04-08";"Alterado";"969050";"1-2016866";"RS";"SNSA";"situacao_da_analise_suspensiva";"Análise iniciada";"Analisada com pendências"
"2026-04-08";"Alterado";"969051";"1-2015967";"RS";"SNSA";"situacao_da_analise_suspensiva";"Análise não iniciada";"Análise iniciada"
"2026-04-08";"Alterado";"969099";"1-2015242";"PA";"SNSA";"situacao_da_analise_suspensiva";"Analisada com pendências";"Análise iniciada"
"2026-04-08";"Alterado";"969111";"1-2017254";"PI";"SNSA";"vencimento_da_suspensiva";"2026-03-30";"2026-04-30"
"2026-04-08";"Alterado";"969111";"1-2017254";"PI";"SNSA";"urgencia_suspensiva";"Vencida";"Próximos 30 dias"
"2026-04-08";"Alterado";"969135";"1-2015253";"RS";"SNSA";"dte_inicio_obra_mcid";"2025-12-23";"2026-01-05"
"2026-04-08";"Alterado";"969135";"1-2015253";"RS";"SNSA";"ultima_data_relevante";"2025-12-23";"2026-01-05"
"2026-04-08";"Alterado";"969135";"1-2015253";"RS";"SNSA";"dias_aio_ate_inicio_obra";"0";"13"
"2026-04-08";"Alterado";"969136";"1-2015258";"RS";"SNSA";"dte_inicio_obra_mcid";"2025-12-23";"2026-01-05"
"2026-04-08";"Alterado";"969136";"1-2015258";"RS";"SNSA";"ultima_data_relevante";"2025-12-23";"2026-01-05"
"2026-04-08";"Alterado";"969136";"1-2015258";"RS";"SNSA";"dias_aio_ate_inicio_obra";"0";"13"
"2026-04-08";"Alterado";"969256";"1-2016964";"RN";"SNSA";"situacao_da_analise_suspensiva";"Análise iniciada";"Analisada com pendências"
"2026-04-08";"Alterado";"969301";"1-2015183";"AC";"SNSA";"situacao_da_analise_suspensiva";"Análise não iniciada";"Análise iniciada"
"2026-04-08";"Alterado";"969307";"1-2018553";"MS";"SNSA";"dte_aio";"";"2026-04-07"
"2026-04-08";"Alterado";"969307";"1-2018553";"MS";"SNSA";"dte_inicio_obra_mcid";"";"2026-04-07"
"2026-04-08";"Alterado";"969307";"1-2018553";"MS";"SNSA";"ultima_data_relevante";"2026-02-06";"2026-04-07"
"2026-04-08";"Alterado";"969307";"1-2018553";"MS";"SNSA";"fase_atual";"VRPL";"OBRA INICIADA"
"2026-04-08";"Alterado";"969307";"1-2018553";"MS";"SNSA";"dias_vrpl_ate_aio";"";"60"
"2026-04-08";"Alterado";"969307";"1-2018553";"MS";"SNSA";"dias_aio_ate_inicio_obra";"";"0"
"2026-04-08";"Alterado";"969307";"1-2018553";"MS";"SNSA";"prazo_inicio_obra";"";"2026-04-21"
"2026-04-08";"Alterado";"969307";"1-2018553";"MS";"SNSA";"status_inicio_obra";"";"Iniciada no prazo"
"2026-04-08";"Alterado";"969314";"1-2012586";"RJ";"SNSA";"situacao_da_analise_suspensiva";"Análise iniciada";"Analisada com pendências"
"2026-04-08";"Alterado";"969346";"1-2015254";"CE";"SEMOB";"situacao_da_analise_suspensiva";"Analisada com pendências";"Análise não iniciada"
"2026-04-08";"Alterado";"970465";"1-2015005";"ES";"SEMOB";"situacao_da_analise_suspensiva";"Análise iniciada";"Analisada com pendências"
"2026-04-08";"Alterado";"973215";"1-2021870";"ES";"SNSA";"situacao_da_analise_suspensiva";"Analisada com pendências";"Análise não iniciada"
"2026-04-08";"Alterado";"973222";"1-2018133";"AM";"SNSA";"situacao_da_analise_suspensiva";"Análise não iniciada";"Analisada com pendências"
"2026-04-08";"Alterado";"973944";"1-2033541";"CE";"SNSA";"dte_publicacao_licitacao";"";"2026-01-15"
"2026-04-08";"Alterado";"973944";"1-2033541";"CE";"SNSA";"dte_homologacao_licitacao";"";"2026-03-24"
"2026-04-08";"Alterado";"973944";"1-2033541";"CE";"SNSA";"flag_publicacao_licitacao";"NAO";"SIM"
"2026-04-08";"Alterado";"973944";"1-2033541";"CE";"SNSA";"flag_homologacao_licitacao";"NAO";"SIM"
"2026-04-08";"Alterado";"973944";"1-2033541";"CE";"SNSA";"ultima_data_relevante";"";"2026-03-24"
"2026-04-08";"Alterado";"973944";"1-2033541";"CE";"SNSA";"fase_atual";"SUSPENSIVA RETIRADA";"HOMOLOGACAO"
"2026-04-08";"Alterado";"973944";"1-2033541";"CE";"SNSA";"dias_publicacao_ate_homologacao";"";"68"
"2026-04-08";"Alterado";"973944";"1-2033541";"CE";"SNSA";"prazo_homolog_licitacao";"";"2026-05-15"
"2026-04-08";"Alterado";"973944";"1-2033541";"CE";"SNSA";"status_pub_licitacao";"Vencida";"Concluída em atraso"
"2026-04-08";"Alterado";"973944";"1-2033541";"CE";"SNSA";"status_homolog_licitacao";"";"Concluída no prazo"
"2026-04-08";"Alterado";"973949";"1-2033694";"CE";"SNSA";"dte_publicacao_licitacao";"";"2026-01-15"
"2026-04-08";"Alterado";"973949";"1-2033694";"CE";"SNSA";"dte_homologacao_licitacao";"";"2026-03-24"
"2026-04-08";"Alterado";"973949";"1-2033694";"CE";"SNSA";"flag_publicacao_licitacao";"NAO";"SIM"
"2026-04-08";"Alterado";"973949";"1-2033694";"CE";"SNSA";"flag_homologacao_licitacao";"NAO";"SIM"
"2026-04-08";"Alterado";"973949";"1-2033694";"CE";"SNSA";"ultima_data_relevante";"";"2026-03-24"
"2026-04-08";"Alterado";"973949";"1-2033694";"CE";"SNSA";"fase_atual";"SUSPENSIVA RETIRADA";"HOMOLOGACAO"
"2026-04-08";"Alterado";"973949";"1-2033694";"CE";"SNSA";"dias_publicacao_ate_homologacao";"";"68"
"2026-04-08";"Alterado";"973949";"1-2033694";"CE";"SNSA";"prazo_homolog_licitacao";"";"2026-05-15"
"2026-04-08";"Alterado";"973949";"1-2033694";"CE";"SNSA";"status_pub_licitacao";"Vencida";"Concluída em atraso"
"2026-04-08";"Alterado";"973949";"1-2033694";"CE";"SNSA";"status_homolog_licitacao";"";"Concluída no prazo"
"2026-04-08";"Alterado";"973950";"1-2033742";"CE";"SNSA";"dte_publicacao_licitacao";"";"2026-01-15"
"2026-04-08";"Alterado";"973950";"1-2033742";"CE";"SNSA";"dte_homologacao_licitacao";"";"2026-03-24"
"2026-04-08";"Alterado";"973950";"1-2033742";"CE";"SNSA";"flag_publicacao_licitacao";"NAO";"SIM"
"2026-04-08";"Alterado";"973950";"1-2033742";"CE";"SNSA";"flag_homologacao_licitacao";"NAO";"SIM"
"2026-04-08";"Alterado";"973950";"1-2033742";"CE";"SNSA";"ultima_data_relevante";"";"2026-03-24"
"2026-04-08";"Alterado";"973950";"1-2033742";"CE";"SNSA";"fase_atual";"SUSPENSIVA RETIRADA";"HOMOLOGACAO"
"2026-04-08";"Alterado";"973950";"1-2033742";"CE";"SNSA";"dias_publicacao_ate_homologacao";"";"68"
"2026-04-08";"Alterado";"973950";"1-2033742";"CE";"SNSA";"prazo_homolog_licitacao";"";"2026-05-15"
"2026-04-08";"Alterado";"973950";"1-2033742";"CE";"SNSA";"status_pub_licitacao";"Vencida";"Concluída em atraso"
"2026-04-08";"Alterado";"973950";"1-2033742";"CE";"SNSA";"status_homolog_licitacao";"";"Concluída no prazo"
"2026-04-08";"Alterado";"973953";"1-2032861";"RN";"SNSA";"situacao_da_analise_suspensiva";"Análise não iniciada";"Análise iniciada"
"2026-04-08";"Alterado";"973971";"1-2032862";"RN";"SNSA";"situacao_da_analise_suspensiva";"Análise não iniciada";"Análise iniciada"
"2026-04-08";"Alterado";"974020";"1-2032793";"MG";"SNSA";"situacao_da_analise_suspensiva";"Análise iniciada";"Analisada com pendências"
"2026-04-08";"Alterado";"984847";"1-2141735";"CE";"SNSA";"situacao_da_analise_suspensiva";"Análise iniciada";"Analisada com pendências"
"2026-04-08";"Alterado";"984868";"1-2140905";"CE";"SNSA";"situacao_da_analise_suspensiva";"Análise não iniciada";"Análise iniciada"
"2026-04-08";"Alterado";"984897";"1-2138961";"PA";"SNSA";"situacao_da_analise_suspensiva";"Doc. não enviada p/ análise";"Análise iniciada"
"2026-04-08";"Alterado";"985337";"1-2140482";"RS";"SNSA";"situacao_da_analise_suspensiva";"Análise iniciada";"Analisada com pendências"
"2026-04-08";"Alterado";"985340";"1-2143136";"PA";"SNSA";"situacao_da_analise_suspensiva";"Doc. não enviada p/ análise";"Análise não iniciada"
"2026-04-08";"Alterado";"985390";"1-2137399";"RJ";"SNSA";"situacao_da_analise_suspensiva";"Análise iniciada";"Analisada com pendências"
"2026-04-08";"Alterado";"986120";"1-2139872";"MT";"SNSA";"situacao_da_analise_suspensiva";"Análise iniciada";"Analisada com pendências"
"2026-04-08";"Alterado";"986328";"1-2141232";"BA";"SNP";"situacao_da_analise_suspensiva";"Doc. não enviada p/ análise";"Análise não iniciada"
"2026-04-08";"Alterado";"986673";"1-2134617";"SP";"SNP";"dte_publicacao_licitacao";"";"2026-04-07"
"2026-04-08";"Alterado";"986673";"1-2134617";"SP";"SNP";"flag_publicacao_licitacao";"NAO";"SIM"
"2026-04-08";"Alterado";"986673";"1-2134617";"SP";"SNP";"ultima_data_relevante";"2026-02-27";"2026-04-07"
"2026-04-08";"Alterado";"986673";"1-2134617";"SP";"SNP";"fase_atual";"LAE";"PUBLICACAO LICITACAO"
"2026-04-08";"Alterado";"986673";"1-2134617";"SP";"SNP";"dias_ate_publicacao";"";"39"
"2026-04-08";"Alterado";"986673";"1-2134617";"SP";"SNP";"prazo_homolog_licitacao";"";"2026-08-05"
"2026-04-08";"Alterado";"986673";"1-2134617";"SP";"SNP";"status_pub_licitacao";"No prazo";"Concluída no prazo"
"2026-04-08";"Alterado";"986673";"1-2134617";"SP";"SNP";"status_homolog_licitacao";"";"No prazo"
"2026-04-08";"Alterado";"986693";"1-2142034";"ES";"SNP";"situacao_da_analise_suspensiva";"Análise iniciada";"Analisada com pendências"
"2026-04-08";"Alterado";"986697";"1-2142687";"AL";"SNP";"vencimento_da_suspensiva";"2026-05-30";"2026-08-31"
"2026-04-08";"Alterado";"986697";"1-2142687";"AL";"SNP";"urgencia_suspensiva";"31–90 dias";"Mais de 90 dias"
"2026-04-08";"Alterado";"991668";"1-2164255";"PA";"SNSA";"situacao_da_analise_suspensiva";"Análise não iniciada";"Análise iniciada"
"2026-04-08";"Alterado";"991675";"1-2164574";"SP";"SNSA";"situacao_da_analise_suspensiva";"Analisada com pendências";"Análise não iniciada"
"2026-04-10";"Novo";"994628";"1-2106045";"SP";"SNP";"";"";""
"2026-04-10";"Alterado";"964485";"1-1984603";"SC";"SNP";"vencimento_da_suspensiva";"2026-04-28";"2026-04-29"
"2026-04-10";"Alterado";"964507";"1-1990139";"SC";"SNP";"vencimento_da_suspensiva";"2026-04-27";"2026-04-29"
"2026-04-10";"Alterado";"964937";"1-1991211";"PE";"SNP";"vencimento_da_suspensiva";"2026-04-21";"2026-04-29"
"2026-04-10";"Alterado";"964941";"1-1991547";"PE";"SNP";"situacao_da_analise_suspensiva";"Análise iniciada";"Analisada com pendências"
"2026-04-10";"Alterado";"964941";"1-1991547";"PE";"SNP";"vencimento_da_suspensiva";"2026-02-28";"2026-04-29"
"2026-04-10";"Alterado";"964941";"1-1991547";"PE";"SNP";"urgencia_suspensiva";"Vencida";"Próximos 30 dias"
"2026-04-10";"Alterado";"964942";"1-1990694";"RN";"SNP";"vencimento_da_suspensiva";"2026-04-28";"2026-04-29"
"2026-04-10";"Alterado";"964944";"1-1991882";"RN";"SNP";"vencimento_da_suspensiva";"2026-04-30";"2026-04-29"
"2026-04-10";"Alterado";"964953";"1-1985135";"MG";"SNP";"vencimento_da_suspensiva";"2026-04-30";"2026-04-29"
"2026-04-10";"Alterado";"964966";"1-1991139";"BA";"SNP";"situacao_da_analise_suspensiva";"Análise não iniciada";"Análise iniciada"
"2026-04-10";"Alterado";"964972";"1-1983086";"ES";"SNP";"dte_publicacao_licitacao";"";"2026-04-06"
"2026-04-10";"Alterado";"964972";"1-1983086";"ES";"SNP";"dte_homologacao_licitacao";"";"2026-10-14"
"2026-04-10";"Alterado";"964972";"1-1983086";"ES";"SNP";"flag_publicacao_licitacao";"NAO";"SIM"
"2026-04-10";"Alterado";"964972";"1-1983086";"ES";"SNP";"flag_homologacao_licitacao";"NAO";"SIM"
"2026-04-10";"Alterado";"964972";"1-1983086";"ES";"SNP";"ultima_data_relevante";"2026-02-12";"2026-10-14"
"2026-04-10";"Alterado";"964972";"1-1983086";"ES";"SNP";"fase_atual";"LAE";"HOMOLOGACAO"
"2026-04-10";"Alterado";"964972";"1-1983086";"ES";"SNP";"dias_ate_publicacao";"";"53"
"2026-04-10";"Alterado";"964972";"1-1983086";"ES";"SNP";"dias_publicacao_ate_homologacao";"";"191"
"2026-04-10";"Alterado";"964972";"1-1983086";"ES";"SNP";"prazo_homolog_licitacao";"";"2026-08-04"
"2026-04-10";"Alterado";"964972";"1-1983086";"ES";"SNP";"status_pub_licitacao";"No prazo";"Concluída no prazo"
"2026-04-10";"Alterado";"964972";"1-1983086";"ES";"SNP";"status_homolog_licitacao";"";"Concluída em atraso"
"2026-04-10";"Alterado";"964980";"1-1984485";"PE";"SNP";"status_pub_licitacao";"Próximos 30 dias";"Vencida"
"2026-04-10";"Alterado";"964981";"1-1986117";"SP";"SNP";"situacao_da_analise_suspensiva";"Analisada e aceita";"Suspensiva retirada"
"2026-04-10";"Alterado";"965403";"1-1991960";"AL";"SNP";"vencimento_da_suspensiva";"2026-03-30";"2026-04-29"
"2026-04-10";"Alterado";"965403";"1-1991960";"AL";"SNP";"urgencia_suspensiva";"Vencida";"Próximos 30 dias"
"2026-04-10";"Alterado";"965407";"1-1986134";"MG";"SNP";"dsc_situacao_contrato_mcid";"Contratado - Suspensiva";"Contratado - Normal"
"2026-04-10";"Alterado";"965407";"1-1986134";"MG";"SNP";"situacao_da_analise_suspensiva";"Analisada com pendências";"Suspensiva retirada"
"2026-04-10";"Alterado";"965407";"1-1986134";"MG";"SNP";"dte_retirada_suspensiva";"";"2026-04-08"
"2026-04-10";"Alterado";"965407";"1-1986134";"MG";"SNP";"dte_primeira_data_lae";"";"2026-04-08"
"2026-04-10";"Alterado";"965407";"1-1986134";"MG";"SNP";"status_suspensiva";"PENDENTE";"RETIRADA"
"2026-04-10";"Alterado";"965407";"1-1986134";"MG";"SNP";"ultima_data_relevante";"";"2026-04-08"
"2026-04-10";"Alterado";"965407";"1-1986134";"MG";"SNP";"fase_atual";"SUSPENSIVA";"LAE"
"2026-04-10";"Alterado";"965407";"1-1986134";"MG";"SNP";"prazo_pub_licitacao";"";"2026-08-06"
"2026-04-10";"Alterado";"965407";"1-1986134";"MG";"SNP";"status_pub_licitacao";"";"No prazo"
"2026-04-10";"Alterado";"965407";"1-1986134";"MG";"SNP";"urgencia_suspensiva";"Próximos 30 dias";""
"2026-04-10";"Alterado";"965408";"1-1990141";"RJ";"SNP";"situacao_da_analise_suspensiva";"Análise iniciada";"Analisada com pendências"
"2026-04-10";"Alterado";"965729";"1-1991654";"BA";"SNP";"dte_aio";"";"2026-04-08"
"2026-04-10";"Alterado";"965729";"1-1991654";"BA";"SNP";"dte_inicio_obra_mcid";"";"2026-04-08"
"2026-04-10";"Alterado";"965729";"1-1991654";"BA";"SNP";"ultima_data_relevante";"2026-04-07";"2026-04-08"
"2026-04-10";"Alterado";"965729";"1-1991654";"BA";"SNP";"fase_atual";"VRPL";"OBRA INICIADA"
"2026-04-10";"Alterado";"965729";"1-1991654";"BA";"SNP";"dias_vrpl_ate_aio";"";"1"
"2026-04-10";"Alterado";"965729";"1-1991654";"BA";"SNP";"dias_aio_ate_inicio_obra";"";"0"
"2026-04-10";"Alterado";"965729";"1-1991654";"BA";"SNP";"prazo_inicio_obra";"";"2026-04-22"
"2026-04-10";"Alterado";"965729";"1-1991654";"BA";"SNP";"status_inicio_obra";"";"Iniciada no prazo"
"2026-04-10";"Alterado";"965736";"1-1986119";"PR";"SNP";"situacao_da_analise_suspensiva";"Análise iniciada";"Analisada com pendências"
"2026-04-10";"Alterado";"965736";"1-1986119";"PR";"SNP";"vencimento_da_suspensiva";"2026-04-28";"2026-04-29"
"2026-04-10";"Alterado";"966497";"1-1991028";"BA";"SNSA";"dte_aio";"";"2026-04-08"
"2026-04-10";"Alterado";"966497";"1-1991028";"BA";"SNSA";"dte_inicio_obra_mcid";"";"2026-04-08"
"2026-04-10";"Alterado";"966497";"1-1991028";"BA";"SNSA";"ultima_data_relevante";"2026-03-05";"2026-04-08"
"2026-04-10";"Alterado";"966497";"1-1991028";"BA";"SNSA";"fase_atual";"VRPL";"OBRA INICIADA"
"2026-04-10";"Alterado";"966497";"1-1991028";"BA";"SNSA";"dias_vrpl_ate_aio";"";"34"
"2026-04-10";"Alterado";"966497";"1-1991028";"BA";"SNSA";"dias_aio_ate_inicio_obra";"";"0"
"2026-04-10";"Alterado";"966497";"1-1991028";"BA";"SNSA";"prazo_inicio_obra";"";"2026-04-22"
"2026-04-10";"Alterado";"966497";"1-1991028";"BA";"SNSA";"status_inicio_obra";"";"Iniciada no prazo"
"2026-04-10";"Alterado";"966501";"1-1991412";"BA";"SNSA";"dte_inicio_obra_mcid";"2026-01-28";"2026-02-04"
"2026-04-10";"Alterado";"966501";"1-1991412";"BA";"SNSA";"ultima_data_relevante";"2026-01-28";"2026-02-04"
"2026-04-10";"Alterado";"966501";"1-1991412";"BA";"SNSA";"dias_aio_ate_inicio_obra";"0";"7"
"2026-04-10";"Alterado";"966503";"1-1990702";"GO";"SNSA";"situacao_da_analise_suspensiva";"Analisada com pendências";"Análise iniciada"
"2026-04-10";"Alterado";"966706";"1-1991332";"MA";"SNSA";"dte_vrpl";"";"2026-04-08"
"2026-04-10";"Alterado";"966706";"1-1991332";"MA";"SNSA";"dte_aio";"";"2026-04-08"
"2026-04-10";"Alterado";"966706";"1-1991332";"MA";"SNSA";"dte_inicio_obra_mcid";"";"2026-04-08"
"2026-04-10";"Alterado";"966706";"1-1991332";"MA";"SNSA";"ultima_data_relevante";"2026-02-20";"2026-04-08"
"2026-04-10";"Alterado";"966706";"1-1991332";"MA";"SNSA";"fase_atual";"HOMOLOGACAO";"OBRA INICIADA"
"2026-04-10";"Alterado";"966706";"1-1991332";"MA";"SNSA";"dias_homologacao_ate_vrpl";"";"47"
"2026-04-10";"Alterado";"966706";"1-1991332";"MA";"SNSA";"dias_vrpl_ate_aio";"";"0"
"2026-04-10";"Alterado";"966706";"1-1991332";"MA";"SNSA";"dias_aio_ate_inicio_obra";"";"0"
"2026-04-10";"Alterado";"966706";"1-1991332";"MA";"SNSA";"prazo_inicio_obra";"";"2026-04-22"
"2026-04-10";"Alterado";"966706";"1-1991332";"MA";"SNSA";"status_inicio_obra";"";"Iniciada no prazo"
"2026-04-10";"Alterado";"966710";"1-1991393";"MA";"SNSA";"dte_vrpl";"";"2026-04-08"
"2026-04-10";"Alterado";"966710";"1-1991393";"MA";"SNSA";"ultima_data_relevante";"2026-02-11";"2026-04-08"
"2026-04-10";"Alterado";"966710";"1-1991393";"MA";"SNSA";"fase_atual";"HOMOLOGACAO";"VRPL"
"2026-04-10";"Alterado";"966710";"1-1991393";"MA";"SNSA";"dias_homologacao_ate_vrpl";"";"56"
"2026-04-10";"Alterado";"966720";"1-1991056";"SC";"SNSA";"situacao_da_analise_suspensiva";"Análise iniciada";"Analisada com pendências"
"2026-04-10";"Alterado";"966725";"1-1994801";"CE";"SNSA";"situacao_da_analise_suspensiva";"Analisada e aceita";"Suspensiva retirada"
"2026-04-10";"Alterado";"966730";"1-1994772";"CE";"SNSA";"status_pub_licitacao";"Próximos 30 dias";"Vencida"
"2026-04-10";"Alterado";"966733";"1-1994753";"CE";"SNSA";"status_pub_licitacao";"Próximos 30 dias";"Vencida"
"2026-04-10";"Alterado";"966737";"1-1994795";"CE";"SNSA";"situacao_da_analise_suspensiva";"Analisada com pendências";"Análise iniciada"
"2026-04-10";"Alterado";"966740";"1-1994785";"CE";"SNSA";"status_pub_licitacao";"Próximos 30 dias";"Vencida"
"2026-04-10";"Alterado";"967069";"1-1991694";"PR";"SNSA";"vencimento_da_suspensiva";"2026-04-28";"2026-04-29"
"2026-04-10";"Alterado";"967084";"1-1991709";"PA";"SNSA";"vencimento_da_suspensiva";"2026-03-30";"2026-04-29"
"2026-04-10";"Alterado";"967084";"1-1991709";"PA";"SNSA";"urgencia_suspensiva";"Vencida";"Próximos 30 dias"
"2026-04-10";"Alterado";"967093";"1-1992116";"PA";"SNSA";"vencimento_da_suspensiva";"2026-03-30";"2026-04-29"
"2026-04-10";"Alterado";"967093";"1-1992116";"PA";"SNSA";"urgencia_suspensiva";"Vencida";"Próximos 30 dias"
"2026-04-10";"Alterado";"967094";"1-1992135";"PA";"SNSA";"vencimento_da_suspensiva";"2026-03-30";"2026-04-29"
"2026-04-10";"Alterado";"967094";"1-1992135";"PA";"SNSA";"urgencia_suspensiva";"Vencida";"Próximos 30 dias"
"2026-04-10";"Alterado";"967100";"1-1991714";"PA";"SNSA";"vencimento_da_suspensiva";"2026-03-29";"2026-04-29"
"2026-04-10";"Alterado";"967100";"1-1991714";"PA";"SNSA";"urgencia_suspensiva";"Vencida";"Próximos 30 dias"
"2026-04-10";"Alterado";"967101";"1-1991651";"PA";"SNSA";"dte_aio";"";"2026-04-08"
"2026-04-10";"Alterado";"967101";"1-1991651";"PA";"SNSA";"dte_inicio_obra_mcid";"";"2026-04-08"
"2026-04-10";"Alterado";"967101";"1-1991651";"PA";"SNSA";"ultima_data_relevante";"2025-12-02";"2026-04-08"
"2026-04-10";"Alterado";"967101";"1-1991651";"PA";"SNSA";"fase_atual";"VRPL";"OBRA INICIADA"
"2026-04-10";"Alterado";"967101";"1-1991651";"PA";"SNSA";"dias_vrpl_ate_aio";"";"127"
"2026-04-10";"Alterado";"967101";"1-1991651";"PA";"SNSA";"dias_aio_ate_inicio_obra";"";"0"
"2026-04-10";"Alterado";"967101";"1-1991651";"PA";"SNSA";"prazo_inicio_obra";"";"2026-04-22"
"2026-04-10";"Alterado";"967101";"1-1991651";"PA";"SNSA";"status_inicio_obra";"";"Iniciada no prazo"
"2026-04-10";"Alterado";"967153";"1-1994774";"CE";"SNSA";"status_pub_licitacao";"Próximos 30 dias";"Vencida"
"2026-04-10";"Alterado";"967165";"1-2000076";"AL";"SNSA";"vencimento_da_suspensiva";"2026-03-31";"2026-04-29"
"2026-04-10";"Alterado";"967165";"1-2000076";"AL";"SNSA";"urgencia_suspensiva";"Vencida";"Próximos 30 dias"
"2026-04-10";"Alterado";"967173";"1-1991931";"PI";"SNSA";"status_pub_licitacao";"No prazo";"Próximos 30 dias"
"2026-04-10";"Alterado";"967174";"1-1991949";"PR";"SNSA";"vencimento_da_suspensiva";"2026-04-28";"2026-04-29"
"2026-04-10";"Alterado";"967179";"1-1991967";"PR";"SNSA";"vencimento_da_suspensiva";"2026-04-28";"2026-04-29"
"2026-04-10";"Alterado";"967588";"1-1990479";"SP";"SNP";"situacao_da_analise_suspensiva";"Analisada com pendências";"Análise não iniciada"
"2026-04-10";"Alterado";"968197";"1-2013334";"PA";"SNSA";"vencimento_da_suspensiva";"2026-04-22";"2026-04-29"
"2026-04-10";"Alterado";"968198";"1-2012865";"MG";"SNSA";"vencimento_da_suspensiva";"2026-04-28";"2026-04-29"
"2026-04-10";"Alterado";"968200";"1-2011851";"PA";"SNSA";"vencimento_da_suspensiva";"2026-03-28";"2026-04-29"
"2026-04-10";"Alterado";"968200";"1-2011851";"PA";"SNSA";"urgencia_suspensiva";"Vencida";"Próximos 30 dias"
"2026-04-10";"Alterado";"968201";"1-2012199";"MG";"SNSA";"vencimento_da_suspensiva";"2026-04-28";"2026-04-29"
"2026-04-10";"Alterado";"968203";"1-2014300";"MG";"SNSA";"vencimento_da_suspensiva";"2026-04-28";"2026-04-29"
"2026-04-10";"Alterado";"968207";"1-2013328";"MG";"SNSA";"vencimento_da_suspensiva";"2026-04-23";"2026-04-29"
"2026-04-10";"Alterado";"968211";"1-2015496";"MG";"SNSA";"vencimento_da_suspensiva";"2026-04-22";"2026-04-29"
"2026-04-10";"Alterado";"968224";"1-2015968";"RS";"SNSA";"situacao_da_analise_suspensiva";"Analisada com pendências";"Análise não iniciada"
"2026-04-10";"Alterado";"968228";"1-2012744";"PA";"SNSA";"vencimento_da_suspensiva";"2026-03-29";"2026-04-29"
"2026-04-10";"Alterado";"968228";"1-2012744";"PA";"SNSA";"urgencia_suspensiva";"Vencida";"Próximos 30 dias"
"2026-04-10";"Alterado";"968229";"1-2012066";"SP";"SNSA";"vencimento_da_suspensiva";"2026-04-25";"2026-04-29"
"2026-04-10";"Alterado";"968247";"1-2015099";"PR";"SNSA";"vencimento_da_suspensiva";"2026-04-28";"2026-04-29"
"2026-04-10";"Alterado";"968248";"1-2013782";"CE";"SNSA";"situacao_da_analise_suspensiva";"Análise não iniciada";"Análise iniciada"
"2026-04-10";"Alterado";"968249";"1-2011797";"MG";"SNSA";"situacao_da_analise_suspensiva";"Análise iniciada";"Análise não iniciada"
"2026-04-10";"Alterado";"968252";"1-2011972";"RS";"SNSA";"situacao_da_analise_suspensiva";"Análise iniciada";"Analisada com pendências"
"2026-04-10";"Alterado";"968252";"1-2011972";"RS";"SNSA";"vencimento_da_suspensiva";"2026-04-22";"2026-04-29"
"2026-04-10";"Alterado";"968253";"1-2014564";"MG";"SNSA";"vencimento_da_suspensiva";"2026-03-30";"2026-04-29"
"2026-04-10";"Alterado";"968253";"1-2014564";"MG";"SNSA";"urgencia_suspensiva";"Vencida";"Próximos 30 dias"
"2026-04-10";"Alterado";"968263";"1-2016086";"MG";"SNSA";"vencimento_da_suspensiva";"2026-04-28";"2026-04-29"
"2026-04-10";"Alterado";"968342";"1-2014547";"MG";"SNSA";"vencimento_da_suspensiva";"2026-04-16";"2026-04-29"
"2026-04-10";"Alterado";"968344";"1-2016166";"SP";"SNSA";"vencimento_da_suspensiva";"2026-04-30";"2026-04-29"
"2026-04-10";"Alterado";"968365";"1-2014943";"AL";"SNSA";"vencimento_da_suspensiva";"2026-04-28";"2026-04-29"
"2026-04-10";"Alterado";"968366";"1-2011694";"GO";"SNSA";"vencimento_da_suspensiva";"2026-04-30";"2026-04-29"
"2026-04-10";"Alterado";"968374";"1-2015333";"MG";"SNSA";"situacao_da_analise_suspensiva";"Análise iniciada";"Analisada com pendências"
"2026-04-10";"Alterado";"968386";"1-2015476";"RN";"SEMOB";"vencimento_da_suspensiva";"2026-04-30";"2026-04-29"
"2026-04-10";"Alterado";"968388";"1-2015798";"CE";"SEMOB";"situacao_da_analise_suspensiva";"Análise iniciada";"Analisada com pendências"
"2026-04-10";"Alterado";"968391";"1-2015868";"RN";"SEMOB";"vencimento_da_suspensiva";"2026-04-30";"2026-04-29"
"2026-04-10";"Alterado";"968400";"1-2016673";"PR";"SEMOB";"vencimento_da_suspensiva";"2026-04-28";"2026-04-29"
"2026-04-10";"Alterado";"968510";"1-2015021";"RN";"SEMOB";"vencimento_da_suspensiva";"2026-04-28";"2026-04-29"
"2026-04-10";"Alterado";"968547";"1-2016710";"SC";"SNSA";"vencimento_da_suspensiva";"2026-04-27";"2026-04-29"
"2026-04-10";"Alterado";"968549";"1-2016713";"SC";"SNSA";"vencimento_da_suspensiva";"2026-04-27";"2026-04-29"
"2026-04-10";"Alterado";"968562";"1-2015931";"PR";"SNSA";"vencimento_da_suspensiva";"2026-04-28";"2026-04-29"
"2026-04-10";"Alterado";"968568";"1-2010047";"SP";"SNSA";"situacao_da_analise_suspensiva";"Analisada com pendências";"Análise não iniciada"
"2026-04-10";"Alterado";"968569";"1-2012397";"PA";"SNSA";"dte_primeira_data_lae";"";"2026-04-08"
"2026-04-10";"Alterado";"968569";"1-2012397";"PA";"SNSA";"ultima_data_relevante";"";"2026-04-08"
"2026-04-10";"Alterado";"968569";"1-2012397";"PA";"SNSA";"fase_atual";"SUSPENSIVA";"LAE"
"2026-04-10";"Alterado";"968570";"1-2013983";"MG";"SNSA";"situacao_da_analise_suspensiva";"Análise não iniciada";"Analisada e aceita"
"2026-04-10";"Alterado";"968570";"1-2013983";"MG";"SNSA";"vencimento_da_suspensiva";"2026-04-28";"2026-04-29"
"2026-04-10";"Alterado";"968570";"1-2013983";"MG";"SNSA";"dte_primeira_data_lae";"";"2026-04-08"
"2026-04-10";"Alterado";"968570";"1-2013983";"MG";"SNSA";"ultima_data_relevante";"";"2026-04-08"
"2026-04-10";"Alterado";"968570";"1-2013983";"MG";"SNSA";"fase_atual";"SUSPENSIVA";"LAE"
"2026-04-10";"Alterado";"968575";"1-2012298";"RO";"SNSA";"dsc_situacao_contrato_mcid";"Contratado - Suspensiva";"Contratado - Normal"
"2026-04-10";"Alterado";"968575";"1-2012298";"RO";"SNSA";"situacao_da_analise_suspensiva";"Análise iniciada";"Suspensiva retirada"
"2026-04-10";"Alterado";"968575";"1-2012298";"RO";"SNSA";"dte_retirada_suspensiva";"";"2026-04-08"
"2026-04-10";"Alterado";"968575";"1-2012298";"RO";"SNSA";"status_suspensiva";"PENDENTE";"RETIRADA"
"2026-04-10";"Alterado";"968575";"1-2012298";"RO";"SNSA";"prazo_pub_licitacao";"";"2026-08-06"
"2026-04-10";"Alterado";"968575";"1-2012298";"RO";"SNSA";"status_pub_licitacao";"";"No prazo"
"2026-04-10";"Alterado";"968575";"1-2012298";"RO";"SNSA";"urgencia_suspensiva";"Próximos 30 dias";""
"2026-04-10";"Alterado";"968576";"1-2015710";"RS";"SNSA";"vencimento_da_suspensiva";"2026-03-31";"2026-04-29"
"2026-04-10";"Alterado";"968576";"1-2015710";"RS";"SNSA";"urgencia_suspensiva";"Vencida";"Próximos 30 dias"
"2026-04-10";"Alterado";"968577";"1-2012396";"MG";"SNSA";"situacao_da_analise_suspensiva";"Analisada com pendências";"Análise não iniciada"
"2026-04-10";"Alterado";"968578";"1-2018684";"AL";"SNSA";"situacao_da_analise_suspensiva";"Analisada com pendências";"Análise não iniciada"
"2026-04-10";"Alterado";"968578";"1-2018684";"AL";"SNSA";"vencimento_da_suspensiva";"2026-04-27";"2026-04-29"
"2026-04-10";"Alterado";"968586";"1-2015786";"SP";"SNSA";"situacao_da_analise_suspensiva";"Análise não iniciada";"Análise iniciada"
"2026-04-10";"Alterado";"968586";"1-2015786";"SP";"SNSA";"vencimento_da_suspensiva";"2026-04-30";"2026-04-29"
"2026-04-10";"Alterado";"968587";"1-2016404";"PR";"SNSA";"situacao_da_analise_suspensiva";"Análise não iniciada";"Analisada com pendências"
"2026-04-10";"Alterado";"968630";"1-2012708";"SP";"SNSA";"situacao_da_analise_suspensiva";"Análise iniciada";"Analisada com pendências"
"2026-04-10";"Alterado";"968630";"1-2012708";"SP";"SNSA";"vencimento_da_suspensiva";"2026-04-25";"2026-04-29"
"2026-04-10";"Alterado";"968721";"1-2014039";"SP";"SNSA";"dte_vrpl";"";"2026-04-08"
"2026-04-10";"Alterado";"968721";"1-2014039";"SP";"SNSA";"ultima_data_relevante";"2026-02-05";"2026-04-08"
"2026-04-10";"Alterado";"968721";"1-2014039";"SP";"SNSA";"fase_atual";"HOMOLOGACAO";"VRPL"
"2026-04-10";"Alterado";"968721";"1-2014039";"SP";"SNSA";"dias_homologacao_ate_vrpl";"";"62"
"2026-04-10";"Alterado";"968726";"1-2010805";"RJ";"SNSA";"situacao_da_analise_suspensiva";"Análise não iniciada";"Análise iniciada"
"2026-04-10";"Alterado";"968728";"1-2017299";"PI";"SNSA";"situacao_da_analise_suspensiva";"Análise não iniciada";"Análise iniciada"
"2026-04-10";"Alterado";"968729";"1-2011921";"CE";"SNSA";"situacao_da_analise_suspensiva";"Análise iniciada";"Analisada com pendências"
"2026-04-10";"Alterado";"968729";"1-2011921";"CE";"SNSA";"vencimento_da_suspensiva";"2026-04-26";"2026-04-30"
"2026-04-10";"Alterado";"968981";"1-2016816";"AC";"SNSA";"status_pub_licitacao";"Próximos 30 dias";"Vencida"
"2026-04-10";"Alterado";"968982";"1-2013802";"PA";"SNSA";"vencimento_da_suspensiva";"2026-03-28";"2026-04-29"
"2026-04-10";"Alterado";"968982";"1-2013802";"PA";"SNSA";"urgencia_suspensiva";"Vencida";"Próximos 30 dias"
"2026-04-10";"Alterado";"968991";"1-2012401";"PA";"SNSA";"vencimento_da_suspensiva";"2026-04-21";"2026-04-29"
"2026-04-10";"Alterado";"968995";"1-2013893";"PI";"SNSA";"vencimento_da_suspensiva";"2026-03-30";"2026-04-30"
"2026-04-10";"Alterado";"968995";"1-2013893";"PI";"SNSA";"urgencia_suspensiva";"Vencida";"Próximos 30 dias"
"2026-04-10";"Alterado";"968997";"1-2014929";"PA";"SNSA";"situacao_da_analise_suspensiva";"Análise não iniciada";"Análise iniciada"
"2026-04-10";"Alterado";"969000";"1-2016841";"AC";"SNSA";"status_pub_licitacao";"Próximos 30 dias";"Vencida"
"2026-04-10";"Alterado";"969003";"1-2019016";"AL";"SNSA";"vencimento_da_suspensiva";"2026-04-27";"2026-04-29"
"2026-04-10";"Alterado";"969010";"1-2017774";"PI";"SNSA";"vencimento_da_suspensiva";"2026-03-30";"2026-04-30"
"2026-04-10";"Alterado";"969010";"1-2017774";"PI";"SNSA";"urgencia_suspensiva";"Vencida";"Próximos 30 dias"
"2026-04-10";"Alterado";"969012";"1-2017818";"PI";"SNSA";"vencimento_da_suspensiva";"2026-03-30";"2026-04-30"
"2026-04-10";"Alterado";"969012";"1-2017818";"PI";"SNSA";"urgencia_suspensiva";"Vencida";"Próximos 30 dias"
"2026-04-10";"Alterado";"969015";"1-2015241";"PA";"SNSA";"situacao_da_analise_suspensiva";"Analisada e aceita";"Suspensiva retirada"
"2026-04-10";"Alterado";"969051";"1-2015967";"RS";"SNSA";"dsc_situacao_contrato_mcid";"Contratado - Suspensiva";"Contratado - Normal"
"2026-04-10";"Alterado";"969051";"1-2015967";"RS";"SNSA";"situacao_da_analise_suspensiva";"Análise iniciada";"Analisada e aceita"
"2026-04-10";"Alterado";"969051";"1-2015967";"RS";"SNSA";"dte_retirada_suspensiva";"";"2026-04-09"
"2026-04-10";"Alterado";"969051";"1-2015967";"RS";"SNSA";"dte_primeira_data_lae";"";"2026-04-08"
"2026-04-10";"Alterado";"969051";"1-2015967";"RS";"SNSA";"status_suspensiva";"PENDENTE";"RETIRADA"
"2026-04-10";"Alterado";"969051";"1-2015967";"RS";"SNSA";"prazo_pub_licitacao";"";"2026-08-07"
"2026-04-10";"Alterado";"969051";"1-2015967";"RS";"SNSA";"status_pub_licitacao";"";"No prazo"
"2026-04-10";"Alterado";"969051";"1-2015967";"RS";"SNSA";"urgencia_suspensiva";"Próximos 30 dias";""
"2026-04-10";"Alterado";"969058";"1-2016246";"CE";"SNSA";"dte_publicacao_licitacao";"";"2026-03-05"
"2026-04-10";"Alterado";"969058";"1-2016246";"CE";"SNSA";"dte_homologacao_licitacao";"";"2026-05-15"
"2026-04-10";"Alterado";"969058";"1-2016246";"CE";"SNSA";"flag_publicacao_licitacao";"NAO";"SIM"
"2026-04-10";"Alterado";"969058";"1-2016246";"CE";"SNSA";"flag_homologacao_licitacao";"NAO";"SIM"
"2026-04-10";"Alterado";"969058";"1-2016246";"CE";"SNSA";"ultima_data_relevante";"2026-02-20";"2026-05-15"
"2026-04-10";"Alterado";"969058";"1-2016246";"CE";"SNSA";"fase_atual";"LAE";"HOMOLOGACAO"
"2026-04-10";"Alterado";"969058";"1-2016246";"CE";"SNSA";"dias_ate_publicacao";"";"13"
"2026-04-10";"Alterado";"969058";"1-2016246";"CE";"SNSA";"dias_publicacao_ate_homologacao";"";"71"
"2026-04-10";"Alterado";"969058";"1-2016246";"CE";"SNSA";"prazo_homolog_licitacao";"";"2026-07-03"
"2026-04-10";"Alterado";"969058";"1-2016246";"CE";"SNSA";"status_pub_licitacao";"No prazo";"Concluída no prazo"
"2026-04-10";"Alterado";"969058";"1-2016246";"CE";"SNSA";"status_homolog_licitacao";"";"Concluída no prazo"
"2026-04-10";"Alterado";"969066";"1-2016941";"ES";"SNSA";"vencimento_da_suspensiva";"2026-04-28";"2026-04-29"
"2026-04-10";"Alterado";"969071";"1-2015177";"BA";"SNSA";"dte_vrpl";"";"2026-04-08"
"2026-04-10";"Alterado";"969071";"1-2015177";"BA";"SNSA";"ultima_data_relevante";"2025-06-11";"2026-04-08"
"2026-04-10";"Alterado";"969071";"1-2015177";"BA";"SNSA";"fase_atual";"HOMOLOGACAO";"VRPL"
"2026-04-10";"Alterado";"969071";"1-2015177";"BA";"SNSA";"dias_homologacao_ate_vrpl";"";"301"
"2026-04-10";"Alterado";"969072";"1-2012587";"RJ";"SNSA";"vencimento_da_suspensiva";"2026-04-28";"2026-04-29"
"2026-04-10";"Alterado";"969073";"1-2012563";"RJ";"SNSA";"vencimento_da_suspensiva";"2026-04-28";"2026-04-29"
"2026-04-10";"Alterado";"969074";"1-2012381";"PA";"SNSA";"vencimento_da_suspensiva";"2026-03-27";"2026-04-29"
"2026-04-10";"Alterado";"969074";"1-2012381";"PA";"SNSA";"urgencia_suspensiva";"Vencida";"Próximos 30 dias"
"2026-04-10";"Alterado";"969075";"1-2016278";"PA";"SNSA";"situacao_da_analise_suspensiva";"Análise iniciada";"Analisada com pendências"
"2026-04-10";"Alterado";"969075";"1-2016278";"PA";"SNSA";"vencimento_da_suspensiva";"2026-04-15";"2026-04-29"
"2026-04-10";"Alterado";"969080";"1-2016956";"AC";"SNSA";"vencimento_da_suspensiva";"2026-04-08";"2026-04-29"
"2026-04-10";"Alterado";"969081";"1-2015194";"MG";"SEMOB";"status_pub_licitacao";"No prazo";"Próximos 30 dias"
"2026-04-10";"Alterado";"969110";"1-2017244";"PI";"SNSA";"vencimento_da_suspensiva";"2026-03-30";"2026-04-30"
"2026-04-10";"Alterado";"969110";"1-2017244";"PI";"SNSA";"urgencia_suspensiva";"Vencida";"Próximos 30 dias"
"2026-04-10";"Alterado";"969134";"1-2015907";"RS";"SNSA";"dte_vrpl";"";"2026-04-08"
"2026-04-10";"Alterado";"969134";"1-2015907";"RS";"SNSA";"ultima_data_relevante";"2026-03-31";"2026-04-08"
"2026-04-10";"Alterado";"969134";"1-2015907";"RS";"SNSA";"fase_atual";"HOMOLOGACAO";"VRPL"
"2026-04-10";"Alterado";"969134";"1-2015907";"RS";"SNSA";"dias_homologacao_ate_vrpl";"";"8"
"2026-04-10";"Alterado";"969250";"1-2016908";"SP";"SNSA";"dte_vrpl";"";"2026-04-08"
"2026-04-10";"Alterado";"969250";"1-2016908";"SP";"SNSA";"ultima_data_relevante";"2026-02-18";"2026-04-08"
"2026-04-10";"Alterado";"969250";"1-2016908";"SP";"SNSA";"fase_atual";"HOMOLOGACAO";"VRPL"
"2026-04-10";"Alterado";"969250";"1-2016908";"SP";"SNSA";"dias_homologacao_ate_vrpl";"";"49"
"2026-04-10";"Alterado";"969253";"1-2011950";"PA";"SNSA";"vencimento_da_suspensiva";"2026-03-28";"2026-04-29"
"2026-04-10";"Alterado";"969253";"1-2011950";"PA";"SNSA";"urgencia_suspensiva";"Vencida";"Próximos 30 dias"
"2026-04-10";"Alterado";"969255";"1-2014928";"MT";"SNSA";"vencimento_da_suspensiva";"2026-03-29";"2026-04-29"
"2026-04-10";"Alterado";"969255";"1-2014928";"MT";"SNSA";"urgencia_suspensiva";"Vencida";"Próximos 30 dias"
"2026-04-10";"Alterado";"969256";"1-2016964";"RN";"SNSA";"vencimento_da_suspensiva";"2026-04-30";"2026-04-29"
"2026-04-10";"Alterado";"969259";"1-2012456";"CE";"SNSA";"situacao_da_analise_suspensiva";"Análise iniciada";"Analisada com pendências"
"2026-04-10";"Alterado";"969301";"1-2015183";"AC";"SNSA";"situacao_da_analise_suspensiva";"Análise iniciada";"Analisada com pendências"
"2026-04-10";"Alterado";"969301";"1-2015183";"AC";"SNSA";"vencimento_da_suspensiva";"2026-04-15";"2026-04-29"
"2026-04-10";"Alterado";"969306";"1-2016194";"PE";"SNSA";"situacao_da_analise_suspensiva";"Análise iniciada";"Analisada com pendências"
"2026-04-10";"Alterado";"969346";"1-2015254";"CE";"SEMOB";"vencimento_da_suspensiva";"2026-04-28";"2026-04-29"
"2026-04-10";"Alterado";"970646";"1-2016217";"CE";"SEMOB";"situacao_da_analise_suspensiva";"Analisada com pendências";"Análise não iniciada"
"2026-04-10";"Alterado";"970648";"1-2015125";"MG";"SEMOB";"vencimento_da_suspensiva";"2026-04-30";"2026-04-29"
"2026-04-10";"Alterado";"973220";"1-2036747";"RN";"SNSA";"situacao_da_analise_suspensiva";"Análise não iniciada";"Análise iniciada"
"2026-04-10";"Alterado";"973220";"1-2036747";"RN";"SNSA";"vencimento_da_suspensiva";"2026-04-30";"2026-04-29"
"2026-04-10";"Alterado";"973221";"1-2018110";"AM";"SNSA";"status_pub_licitacao";"Próximos 30 dias";"Vencida"
"2026-04-10";"Alterado";"973222";"1-2018133";"AM";"SNSA";"situacao_da_analise_suspensiva";"Analisada com pendências";"Análise não iniciada"
"2026-04-10";"Alterado";"973933";"1-2033167";"CE";"SNSA";"situacao_da_analise_suspensiva";"Analisada com pendências";"Análise não iniciada"
"2026-04-10";"Alterado";"973967";"1-2033297";"MA";"SNSA";"situacao_da_analise_suspensiva";"Análise iniciada";"Analisada com pendências"
"2026-04-10";"Alterado";"974017";"1-2032965";"SC";"SNSA";"dte_publicacao_licitacao";"2025-12-23";"2025-12-22"
"2026-04-10";"Alterado";"974017";"1-2032965";"SC";"SNSA";"dias_publicacao_ate_homologacao";"43";"44"
"2026-04-10";"Alterado";"974017";"1-2032965";"SC";"SNSA";"prazo_homolog_licitacao";"2026-04-22";"2026-04-21"
"2026-04-10";"Alterado";"983554";"1-2137484";"BA";"SNSA";"situacao_da_analise_suspensiva";"Análise iniciada";"Analisada com pendências"
"2026-04-10";"Alterado";"983611";"1-2137028";"AL";"SNSA";"situacao_da_analise_suspensiva";"Análise não iniciada";"Analisada com pendências"
"2026-04-10";"Alterado";"983618";"1-2135464";"MA";"SNSA";"situacao_da_analise_suspensiva";"Análise não iniciada";"Analisada com pendências"
"2026-04-10";"Alterado";"984888";"1-2141981";"ES";"SNSA";"situacao_da_analise_suspensiva";"Análise não iniciada";"Análise iniciada"
"2026-04-10";"Alterado";"985333";"1-2136070";"RJ";"SNSA";"dte_publicacao_licitacao";"";"2026-03-02"
"2026-04-10";"Alterado";"985333";"1-2136070";"RJ";"SNSA";"dte_homologacao_licitacao";"";"2026-04-06"
"2026-04-10";"Alterado";"985333";"1-2136070";"RJ";"SNSA";"flag_publicacao_licitacao";"NAO";"SIM"
"2026-04-10";"Alterado";"985333";"1-2136070";"RJ";"SNSA";"flag_homologacao_licitacao";"NAO";"SIM"
"2026-04-10";"Alterado";"985333";"1-2136070";"RJ";"SNSA";"ultima_data_relevante";"2026-02-13";"2026-04-06"
"2026-04-10";"Alterado";"985333";"1-2136070";"RJ";"SNSA";"fase_atual";"LAE";"HOMOLOGACAO"
"2026-04-10";"Alterado";"985333";"1-2136070";"RJ";"SNSA";"dias_ate_publicacao";"";"17"
"2026-04-10";"Alterado";"985333";"1-2136070";"RJ";"SNSA";"dias_publicacao_ate_homologacao";"";"35"
"2026-04-10";"Alterado";"985333";"1-2136070";"RJ";"SNSA";"prazo_homolog_licitacao";"";"2026-06-30"
"2026-04-10";"Alterado";"985333";"1-2136070";"RJ";"SNSA";"status_pub_licitacao";"No prazo";"Concluída no prazo"
"2026-04-10";"Alterado";"985333";"1-2136070";"RJ";"SNSA";"status_homolog_licitacao";"";"Concluída no prazo"
"2026-04-10";"Alterado";"985353";"1-2139918";"RS";"SNSA";"situacao_da_analise_suspensiva";"Analisada com pendências";"Análise iniciada"
"2026-04-10";"Alterado";"985366";"1-2141363";"PA";"SNSA";"situacao_da_analise_suspensiva";"Doc. não enviada p/ análise";"Análise não iniciada"
"2026-04-10";"Alterado";"986112";"1-2142329";"PA";"SNSA";"dsc_situacao_contrato_mcid";"Contratado - Suspensiva";"Contratado - Normal"
"2026-04-10";"Alterado";"986112";"1-2142329";"PA";"SNSA";"situacao_da_analise_suspensiva";"Análise iniciada";"Analisada e aceita"
"2026-04-10";"Alterado";"986112";"1-2142329";"PA";"SNSA";"dte_retirada_suspensiva";"";"2026-04-09"
"2026-04-10";"Alterado";"986112";"1-2142329";"PA";"SNSA";"dte_primeira_data_lae";"";"2026-04-08"
"2026-04-10";"Alterado";"986112";"1-2142329";"PA";"SNSA";"status_suspensiva";"PENDENTE";"RETIRADA"
"2026-04-10";"Alterado";"986112";"1-2142329";"PA";"SNSA";"ultima_data_relevante";"";"2026-04-08"
"2026-04-10";"Alterado";"986112";"1-2142329";"PA";"SNSA";"fase_atual";"SUSPENSIVA";"LAE"
"2026-04-10";"Alterado";"986112";"1-2142329";"PA";"SNSA";"prazo_pub_licitacao";"";"2026-08-07"
"2026-04-10";"Alterado";"986112";"1-2142329";"PA";"SNSA";"status_pub_licitacao";"";"No prazo"
"2026-04-10";"Alterado";"986112";"1-2142329";"PA";"SNSA";"urgencia_suspensiva";"31–90 dias";""
"2026-04-10";"Alterado";"986328";"1-2141232";"BA";"SNP";"situacao_da_analise_suspensiva";"Análise não iniciada";"Análise iniciada"
"2026-04-10";"Alterado";"986332";"1-2134446";"SP";"SNP";"situacao_da_analise_suspensiva";"Analisada com pendências";"Análise não iniciada"
"2026-04-10";"Alterado";"986678";"1-2140170";"PE";"SNP";"situacao_da_analise_suspensiva";"Doc. não enviada p/ análise";"Análise não iniciada"
"2026-04-10";"Alterado";"986693";"1-2142034";"ES";"SNP";"situacao_da_analise_suspensiva";"Analisada com pendências";"Análise não iniciada"
"2026-04-10";"Alterado";"991675";"1-2164574";"SP";"SNSA";"situacao_da_analise_suspensiva";"Análise não iniciada";"Análise iniciada"
"2026-04-10";"Alterado";"991697";"1-2164257";"PE";"SNSA";"situacao_da_analise_suspensiva";"Doc. não enviada p/ análise";"Análise não iniciada"
"2026-04-10";"Alterado";"994038";"1-2164254";"TO";"SNP";"dsc_situacao_contrato_mcid";"Em Contratação";"Contratado - Normal"
"2026-04-10";"Alterado";"994038";"1-2164254";"TO";"SNP";"dte_assinatura_contrato";"";"2026-04-08"
"2026-04-10";"Alterado";"994038";"1-2164254";"TO";"SNP";"situacao_da_analise_suspensiva";"Doc. não enviada p/ análise";"Suspensiva retirada"
